"Age","Sex","TL","Wt","Mat","Fishery"
,"M",524.284691762949,1.07314593090475,1,TRUE
17,"M",897.253765355813,8.55154884825605,1,FALSE
7,"F",1161.74681827283,15.0372696705008,,FALSE
,"F",1009.63326399536,8.1526328798392,,TRUE
,"M",531.550722653642,1.15080936755814,,TRUE
1,"F",544.463390106643,1.09708562194029,,TRUE
2,"F",737.351996792134,3.88927140450048,,FALSE
15,"F",919.330897462668,5.38289152293617,,FALSE
,"F",794.240630101793,3.33562081709313,,TRUE
9,"F",987.996835176465,7.54812872362634,,FALSE
,"M",835.680217089595,3.76324213598648,,TRUE
8,"M",902.819703545625,5.75779271293953,1,FALSE
,"F",748.008471500477,2.64538745937991,,TRUE
,"M",219.622108212593,0.0931994019114239,,TRUE
,"F",654.350917839152,2.20085727758854,,TRUE
1,"F",565.717837637152,1.1412646286591,,TRUE
,"M",900.935737321268,3.8331710638416,,FALSE
,"M",828.852789219041,6.80637001104087,,TRUE
1,"F",648.63513379359,1.5709270585548,,TRUE
,"M",459.594698848117,0.648935277657467,0,TRUE
,"F",549.763590225514,1.52190845759293,,TRUE
1,"F",632.970878135235,2.83913470311082,,FALSE
,"M",553.263356431542,1.40187249869697,1,TRUE
,"M",598.976822501737,1.50657200795961,1,TRUE
,"F",880.815208421144,3.85636239822087,1,TRUE
16,"M",880.825977993465,5.56225029933219,1,FALSE
,"M",658.133740647124,2.44938382026142,,TRUE
1,"F",575.148356141356,1.43989068360644,0,TRUE
,"F",524.863231062613,1.43620046565763,1,TRUE
20,"M",1243.18610994188,16.0383481154824,1,FALSE
,"F",518.468481955297,1.44327448692674,,TRUE
,"M",984.977006230127,6.96621488323095,,TRUE
,"M",580.02553561197,1.70363083034545,1,TRUE
4,"F",901.091584826987,5.62197197643018,,TRUE
3,"F",807.586611845599,3.71961396766581,1,TRUE
23,"F",1058.35038486222,7.70668122035455,,FALSE
,"M",904.419295355154,7.35199033006263,,TRUE
1,"M",499.201576500127,1.28734050168003,0,TRUE
,"F",861.309748411839,3.48215893236604,,TRUE
4,"F",925.748450735698,7.96991809954711,,FALSE
,"F",1304.98006540917,20.8259894876022,,FALSE
5,"M",866.742584612449,5.54013035505538,,TRUE
,"F",487.967830210322,0.647413711059923,0,TRUE
,"M",863.043438390705,5.16814411692907,,FALSE
,"F",946.959798826117,6.27731109441434,1,TRUE
,"M",489.702344968729,0.940823408607215,,TRUE
,"F",880.545359753894,4.33723903724396,,TRUE
,"M",598.571807691839,1.55620301142762,1,TRUE
1,"F",582.483586997973,1.50980281464271,,TRUE
3,"M",914.193238201294,3.79873348015101,,TRUE
,"F",649.152008770143,2.8043728337545,,TRUE
,"M",719.569390949034,1.82274567870744,1,TRUE
9,"M",767.579494342241,2.88773784434964,,TRUE
3,"M",760.13035396008,4.03677552391269,,TRUE
,"M",246.240549001033,0.0799698288211617,,TRUE
5,"M",923.308018594106,4.46984855093762,,TRUE
,"M",880.825948358544,4.81634965309039,,TRUE
,"M",431.020575786149,0.627698818792754,,TRUE
2,"M",712.986660208444,2.03829568513697,,TRUE
,"M",800.778733665879,4.80663961753476,,TRUE
,"M",369.119225407342,0.323919608048857,0,TRUE
1,"F",615.390274420844,1.50517394493853,0,TRUE
,"M",975.353954949459,5.6264280879698,,FALSE
,"F",726.073893307733,2.5734709975116,,TRUE
,"F",880.349515359038,4.67553945916461,1,TRUE
,"M",495.2871359403,0.542243652610063,,TRUE
,"M",229.237288023109,0.0896420565190032,,TRUE
,"M",905.62746345488,5.70858592662933,,FALSE
,"F",864.223019105923,3.3370220116612,,TRUE
,"M",942.653824017591,6.72173829819273,,FALSE
4,"M",729.551253687813,2.13606542277,,TRUE
1,"M",520.57943820185,1.22303682661911,,TRUE
,"F",558.895164257586,0.938119341625337,1,TRUE
,"M",790.717631636813,3.00656250631105,1,TRUE
,"F",1086.10006272419,8.7908223433702,,TRUE
,"F",501.053164551079,0.735258457634691,,TRUE
,"F",739.919094007758,2.86251668228842,,TRUE
3,"M",506.73606577942,1.16146365737646,1,TRUE
,"M",469.197448716724,0.874094330275082,,TRUE
,"M",765.541772798774,4.26535371914538,,FALSE
,"F",865.236501043695,4.91402913329632,,TRUE
,"M",580.565964144988,1.61151574822319,,TRUE
1,"F",583.784167595497,2.0898187899264,1,TRUE
2,"F",790.254382059643,2.93520573303175,,TRUE
,"F",723.709598595955,2.83705530116558,1,TRUE
,"F",1090.03836500313,9.26469436634688,,TRUE
,"F",742.755954764485,2.89188227314944,1,TRUE
,"F",668.076260461335,2.57764033342471,,TRUE
,"F",575.913476439201,1.34999025170124,,TRUE
,"F",714.574800015737,2.45105618280996,,TRUE
1,"M",521.216924644487,0.962987605111488,,TRUE
,"M",814.23884885366,4.51289303054937,1,TRUE
,"F",808.378546864515,3.49887970151075,1,TRUE
,"M",554.104032485499,1.02058429841112,,TRUE
,"F",766.556872976659,3.58874193923457,,TRUE
,"F",822.997463661306,3.29297869491557,,FALSE
,"F",1260.77136030461,13.3169150468302,,FALSE
2,"M",785.468573097119,3.78068974141436,1,TRUE
,"F",769.267624760363,3.05500142428805,,TRUE
,"M",613.905359285954,2.34630948351521,,TRUE
3,"M",815.32133686917,4.1333260964422,1,TRUE
2,"M",688.190668498273,2.44466419397105,,TRUE
,"F",564.480092172592,1.79320902539182,,TRUE
10,"M",880.777333312656,4.39043620084823,1,TRUE
5,"M",922.962646478034,7.77637435937667,,FALSE
,"M",766.339961680582,3.19780327907003,,TRUE
,"M",822.897987141168,4.88995060549918,,TRUE
8,"M",704.346350010548,2.72092682054702,1,FALSE
,"F",512.901188547391,1.08777326842218,,TRUE
,"F",635.27518103061,2.26216272095923,,TRUE
,"M",430.950914102142,0.657981235389263,,TRUE
1,"F",574.248537012691,1.80862578215306,1,TRUE
21,"F",1391.30319653809,20.6362440910442,,FALSE
,"F",585.833129941225,1.58466171033444,1,TRUE
15,"F",1251.84513680966,10.8304234817075,1,FALSE
4,"F",838.032146964531,4.78814297491967,,TRUE
,"F",1015.70470146727,5.47068985157922,1,TRUE
1,"F",614.101629053977,1.95634412325163,,TRUE
22,"F",1052.43890745211,11.1324476254439,1,FALSE
10,"F",1327.17228319731,19.9620518584892,,FALSE
,"M",666.41313693567,2.38901600775473,1,TRUE
3,"M",757.197830037871,3.4022423192805,,TRUE
,"M",778.722635905955,2.17695042113032,,TRUE
1,"M",550.818296525487,1.19666015150676,,TRUE
,"F",722.171140460243,3.07253585462165,,TRUE
,"F",760.106116363191,3.3261549390604,,TRUE
17,"M",998.757143040662,9.81685851227511,1,FALSE
,"M",669.860599389493,1.75526475620439,1,TRUE
,"M",509.610454040641,0.990988383603194,,TRUE
,"F",637.192773991911,1.62090006486086,,TRUE
21,"M",979.778273603397,8.63779624906647,,FALSE
16,"M",976.263299981868,5.03095576925733,1,FALSE
0,"M",178.870687575875,0.0526136785125457,,FALSE
,"F",848.668309360689,4.5664661804416,,TRUE
,"F",702.12830075496,2.0371285139441,1,TRUE
8,"F",1072.33609474325,10.5701966346765,1,TRUE
,"F",848.728997610776,5.87142538753229,,TRUE
,"M",848.297279621247,4.32049533550241,,TRUE
,"M",556.392562962914,1.60915406363811,,TRUE
,"F",683.732224455974,2.20310854477223,,TRUE
7,"F",1020.93647610035,7.61869910641523,,FALSE
,"M",585.595347634842,1.2227642880794,,TRUE
9,"M",868.41993811284,4.66816688519159,1,TRUE
,"F",1113.76230046876,10.6013555509965,,FALSE
,"M",927.288560390649,6.29456922171416,,TRUE
,"F",479.828090008094,0.524751168336575,1,TRUE
,"M",507.350194420448,0.961104757756406,,TRUE
2,"F",726.642872285233,2.34951486091574,1,TRUE
7,"F",1038.34261873725,8.34971651382405,,TRUE
,"M",517.232106494701,1.52472222453883,1,TRUE
2,"M",631.358248494624,2.63788819171898,,TRUE
5,"M",855.363593174946,4.88544492467421,,TRUE
,"M",509.96543943558,0.887102404174912,,TRUE
,"F",1010.48335778212,5.32635305585364,,FALSE
4,"F",1003.26713800284,7.1964161705456,1,TRUE
2,"M",679.404491625787,2.54797306010898,1,TRUE
3,"M",722.032535251443,3.12751226641238,1,TRUE
,"M",746.850615874802,3.19709291000014,1,TRUE
,"F",734.158052112594,2.49736895011369,,TRUE
,"F",741.551014235662,2.48801722773091,1,TRUE
,"F",738.390003566916,3.29503026946145,1,TRUE
3,"M",623.487174863584,1.61636146664532,,TRUE
,"M",970.605575301094,8.05904814593137,1,TRUE
16,"F",889.847361329563,3.49342647060959,,FALSE
5,"F",830.05375084448,3.88949353810069,,TRUE
,"M",767.034045093536,4.92690583411742,1,TRUE
,"M",647.136636603589,1.37356128012982,1,TRUE
,"M",943.367058847446,5.32823286450729,,FALSE
,"M",232.739884936977,0.0871106731487656,0,TRUE
,"F",1237.6139666976,15.2085607639506,,FALSE
,"F",793.661965786475,3.26011979976264,,TRUE
,"M",997.871704688067,6.55910363443151,,FALSE
,"M",1116.79679074144,8.74670911416474,,TRUE
3,"M",732.43010455842,2.54515305576662,1,TRUE
,"F",641.649453450486,2.47700638157485,0,TRUE
,"F",801.943635336675,3.43750484276678,1,TRUE
1,"F",565.867899799361,2.31916626056592,,TRUE
,"M",457.92166316849,0.752765045933164,,TRUE
,"M",422.979830866121,0.367601229463199,,TRUE
,"M",1087.01285996334,8.47088756941692,,TRUE
6,"M",750.422310349811,3.47181259446412,,TRUE
,"M",420.01288013803,0.447783355474928,,TRUE
,"F",971.983113364303,5.89018688188796,,TRUE
17,"F",1073.79025426803,5.60781651368513,,FALSE
22,"M",987.431233083761,8.87113511070185,,FALSE
,"F",979.363581390895,5.64100841149624,,TRUE
,"F",628.66035146037,2.3001540397951,1,TRUE
,"M",749.566815932359,2.51899268559863,,TRUE
3,"F",957.912491376558,5.99971477933051,,TRUE
,"M",724.233317905891,2.53545448961616,,TRUE
,"F",398.275864574745,0.381424845238578,0,TRUE
,"M",472.82477165385,0.642092919009714,,FALSE
,"M",1005.73171439119,9.51493885357456,,FALSE
,"F",967.696472721696,7.02490406702093,1,TRUE
,"F",699.578269226385,1.83314425081988,1,TRUE
,"F",628.148513716728,1.57609503997398,,TRUE
4,"M",741.679599003127,3.05186006197059,,TRUE
,"F",1192.91763775837,14.1944698094369,,FALSE
,"F",743.216845538052,2.78997409945767,,TRUE
,"M",822.437011665906,4.55006386914638,,TRUE
,"M",624.313492453719,1.48769389844798,1,TRUE
,"M",451.027398558715,0.423456095919821,0,TRUE
3,"F",683.213254406506,2.33447800364435,,TRUE
,"F",1110.47220375104,6.56197581280193,,FALSE
,"M",381.953896872567,0.317989387561208,,TRUE
5,"M",638.361609642487,1.71689365269069,,FALSE
,"F",789.596077014535,4.23319456146619,,TRUE
,"F",534.610884864347,1.24185693267773,0,TRUE
,"F",714.627437093918,2.69637860862813,,TRUE
,"F",984.524233740808,6.62292733742687,1,TRUE
4,"M",865.026877790982,4.47872714999574,1,FALSE
,"F",949.562460276473,6.69920902792092,,TRUE
8,"M",775.721624990049,2.87066326653022,,FALSE
8,"M",858.88208198427,4.79386387857365,,TRUE
,"F",949.606890774202,5.94986213405525,,TRUE
,"F",1339.49753764985,18.6821476673089,,FALSE
,"M",460.198659506977,0.715956573425825,,TRUE
,"M",460.351449381973,0.78445367738277,1,TRUE
10,"F",1005.53198062243,6.89870968462552,1,TRUE
3,"F",903.411241708569,5.22124969570653,1,TRUE
,"M",1086.89069399606,7.57004336643825,1,FALSE
,"F",1012.94963192253,7.48030338728497,1,TRUE
3,"F",946.144099027566,6.84199417353774,1,TRUE
2,"M",686.542028604563,1.96305591198126,,TRUE
3,"F",938.548755676273,8.41645238910157,,TRUE
20,"M",810.994037052225,4.02960865226368,,FALSE
2,"M",682.556626445524,1.7413921138063,,TRUE
4,"F",929.122913910405,3.590479002857,1,FALSE
,"M",452.304581887235,0.538929156900592,,TRUE
2,"F",573.755466433288,1.17019964059845,,TRUE
,"F",689.194642826384,2.48512098013545,,TRUE
1,"F",749.170269722455,2.50893048138931,,TRUE
,"M",756.46471490061,4.39340252714673,1,TRUE
5,"F",841.016420152949,5.5010079710298,1,FALSE
6,"M",856.518711560876,4.36621349997027,1,FALSE
1,"F",630.550294067826,1.30176868496986,,TRUE
2,"M",688.777831836732,2.27682730828255,,TRUE
,"F",462.433556526942,0.576754419594567,,TRUE
,"F",386.71620996294,0.504376641625851,,TRUE
4,"M",993.539653094188,6.9059438996792,,TRUE
,"F",1077.94389233406,11.5030797430852,,TRUE
1,"F",631.89996876196,2.01747247034203,1,TRUE
,"F",835.572495833882,3.61542699667002,,TRUE
3,"F",755.438220259878,4.32228247106109,,TRUE
,"F",406.881727193282,0.651254595770638,,TRUE
,"F",1284.59177530798,12.4411858836699,,TRUE
,"M",408.895036637526,0.539563566051085,,TRUE
,"M",748.917087362631,3.25192621566759,1,TRUE
,"M",703.364516483119,2.50385847818958,,TRUE
,"F",830.465342638488,3.3296040218314,1,TRUE
,"M",960.004926566962,7.5085774491768,,TRUE
1,"F",647.005340472558,1.72581899669819,0,FALSE
9,"F",947.74952136025,7.02437923855742,,FALSE
3,"F",915.05081297986,7.23027944048552,1,TRUE
,"F",1183.67212920072,13.3448440798272,1,FALSE
1,"F",632.272776388764,2.11214181822263,,TRUE
,"M",515.342642514046,0.728394741104001,,TRUE
,"F",962.444630435572,4.25780300202882,1,TRUE
21,"M",811.233420891367,4.49863079425588,1,FALSE
8,"M",845.299611980139,4.08645518147121,,FALSE
,"M",650.677238611842,1.7847173890457,1,TRUE
,"M",836.2296282902,3.84147180041214,1,TRUE
,"F",684.371949838832,2.8548462461144,,TRUE
,"M",793.943382550708,3.4479351617061,,TRUE
,"M",594.784788393512,1.40305609201238,,TRUE
,"F",987.844862098564,7.54718487886832,,TRUE
1,"M",554.302058778344,1.60541050355392,,TRUE
,"M",647.357980155257,2.04751644121355,,TRUE
4,"F",948.913722256551,6.63967603713552,1,TRUE
,"F",579.730559480365,1.41853068988215,1,TRUE
0,"M",238.423563704848,0.0977046913749845,,FALSE
2,"M",674.338197634395,2.01510644435199,,TRUE
2,"F",712.716370842159,3.23788536232024,,TRUE
,"F",645.366010657077,2.12483015845167,1,TRUE
,"M",767.991097933396,4.05673008038994,1,TRUE
21,"M",870.518447322208,4.78874973217594,1,FALSE
,"F",479.22267580496,0.668919505094372,,TRUE
0,"F",491.130866712308,1.19881829492869,,FALSE
3,"M",714.446733591153,2.24809093132931,,TRUE
3,"F",792.982991425445,3.08569821117247,,TRUE
6,"M",801.515147577025,2.57328585670783,1,FALSE
,"F",771.638322194523,3.60782983628317,1,TRUE
,"F",680.469601404099,2.62732497518015,,TRUE
,"M",428.605617526206,0.382087951796117,1,TRUE
,"M",556.226925175207,0.922441427601133,1,TRUE
6,"F",915.784617230357,6.67312055677501,,TRUE
,"F",676.712449257878,2.6058062672075,,TRUE
3,"M",825.381621338908,3.99329884836433,1,TRUE
,"F",667.897065431022,1.86611712415034,1,TRUE
,"M",456.10318024523,0.891922859019887,1,TRUE
18,"M",1030.15922553896,11.3426468822702,,FALSE
1,"F",584.28438105335,1.50023444528002,,TRUE
,"F",1308.71663356711,17.9598989951235,,FALSE
,"F",1241.1634634902,10.4850847286346,1,FALSE
,"M",518.349185861087,0.848686506685475,,TRUE
,"M",211.403636289325,0.0896729032867553,0,TRUE
6,"M",1068.2121487686,9.36738465038237,,FALSE
7,"F",946.228587648512,5.73264220864329,1,TRUE
3,"F",721.951027262147,3.31188386182174,,TRUE
1,"M",651.457349808113,1.89601939853975,1,TRUE
,"F",1176.5301081764,10.8272620942874,,TRUE
21,"F",1110.54706985273,10.7541059857549,1,FALSE
,"M",414.280834256621,0.473888660863628,,TRUE
,"M",1047.55778554675,8.55781330153914,,TRUE
,"M",622.237801225966,1.64921465497581,,TRUE
,"M",711.952961912879,3.18826825703669,,TRUE
4,"F",848.417700967862,4.33459523698057,,TRUE
,"F",592.463019674386,1.52471907696982,,TRUE
18,"F",1329.01014460434,20.1132682558263,1,FALSE
11,"M",691.132486700526,3.1328507434339,,FALSE
,"M",631.919289756016,2.40061671231159,,TRUE
1,"F",591.090793416994,1.36552886831514,,TRUE
,"F",547.378783762541,1.26519614670213,,TRUE
2,"F",716.363925316824,2.73060532697944,,TRUE
3,"M",732.707751860671,2.53119769529573,,TRUE
,"M",758.356658637708,3.40325533046453,,TRUE
1,"F",539.274545232541,1.17876915998018,0,TRUE
,"M",438.043564973764,0.842095508813865,,TRUE
9,"F",1192.84933506701,12.2241104668803,,FALSE
,"M",560.704432771716,1.08319591769449,1,TRUE
,"M",457.138514575143,0.786695945101382,1,TRUE
2,"F",598.721442306707,1.80052874436502,,TRUE
,"M",650.024505626519,1.64166316331583,,TRUE
,"F",634.473494592178,1.66923108585603,,TRUE
,"M",458.560247250374,0.85085385943867,,TRUE
,"M",484.198550191506,0.733359924149709,,TRUE
,"F",867.456989869585,4.34423919822489,,TRUE
,"F",931.247722891597,5.27204512559098,,TRUE
,"F",846.231654690398,4.73444143243366,,TRUE
8,"M",1079.669091961,8.70809795647307,1,FALSE
22,"M",869.162919691266,5.22826322074124,1,FALSE
5,"M",835.220349792742,3.24551193723108,,TRUE
,"M",734.900606369059,3.81599484587643,,FALSE
,"M",906.617726029339,5.51218121298271,,TRUE
,"M",861.955601584095,4.72942631715966,1,TRUE
,"M",663.419584990041,2.63477048599918,,TRUE
19,"F",1228.07989689046,14.8153956472638,1,FALSE
,"F",614.160381926037,1.44498763459152,,TRUE
,"F",691.592404936328,2.18327992777639,,TRUE
,"M",990.586102407195,5.10922587720786,,FALSE
,"M",533.286466187402,1.05065423491733,,TRUE
,"M",457.010566637305,0.601893967332256,,TRUE
,"M",609.855871091033,2.68388886885216,,TRUE
20,"F",1300.44871813344,17.6668782470566,,FALSE
,"F",1161.55773926707,14.2945395743576,,FALSE
,"F",604.568244134795,1.55962420870776,,TRUE
,"F",721.321415370753,2.49493985338202,,TRUE
,"F",713.826571887645,2.57610590044437,,TRUE
,"M",771.441976424952,3.04266565239609,,TRUE
,"M",576.306570767644,1.61056601286892,1,TRUE
,"F",809.651595011007,3.74997437707221,1,TRUE
6,"F",1257.03417916071,12.7550600903346,,FALSE
2,"M",574.218476863437,1.46623105112952,,TRUE
,"F",420.75789885704,0.572217639234068,,TRUE
,"F",834.19286624955,3.6395936311729,1,TRUE
,"F",645.460317414444,2.01737726220589,,TRUE
,"F",537.095713717973,1.0866058199529,,TRUE
,"M",682.561260315287,2.18036008587035,,TRUE
,"F",448.302984296607,0.584487855745872,,TRUE
2,"M",598.793820450094,1.90466936090086,1,TRUE
2,"F",669.613486775409,2.18635338500111,,TRUE
23,"M",831.789267453373,3.29559634773296,,FALSE
,"M",762.254559660567,2.54118615391919,,TRUE
4,"M",878.10518143863,5.41193497318664,,TRUE
5,"M",876.46145081594,4.34455824331682,,TRUE
3,"M",684.911884193519,1.92392684000174,,FALSE
,"M",676.534148137513,2.61357477794586,,TRUE
,"F",418.264411893341,0.46282197754606,0,TRUE
,"M",429.417362948069,0.821251181038393,0,TRUE
,"M",898.568818345949,6.95308185007868,,TRUE
,"M",466.754676685053,0.936336101619682,,TRUE
1,"M",510.435705722958,0.912220051518634,,TRUE
4,"M",918.849493364255,6.82407705471076,,TRUE
14,"M",1052.5398256692,10.3237307914546,,FALSE
15,"M",832.027719587324,7.02591298905804,1,FALSE
19,"M",777.871287743629,2.98952494622971,1,FALSE
12,"F",1230.32174590434,12.4471049565888,,FALSE
3,"F",671.003391014764,2.75992095717328,1,FALSE
14,"M",991.049743388904,9.35563015988393,,FALSE
,"M",417.662890153879,0.502886458870442,1,TRUE
4,"F",908.290060358784,5.21239782877193,1,FALSE
,"F",1470.34332773203,38.513298811048,1,FALSE
4,"M",779.040045745984,5.31580287962358,,TRUE
3,"F",698.69540280712,2.50940935965824,,TRUE
,"F",959.999682116156,6.22398391248461,,TRUE
6,"F",961.133016009407,5.20670445442197,,TRUE
,"F",952.051608081355,5.87735942412546,,TRUE
,"F",429.314931109951,0.425931031505229,,TRUE
,"F",520.789042572454,1.07837546430775,,TRUE
,"M",425.543631031314,0.317412909942739,0,TRUE
,"M",744.459285771521,2.74611080554903,1,TRUE
,"M",673.391088051192,3.09222681673019,,TRUE
,"F",535.417089396592,0.890884779311782,,TRUE
,"M",868.929240165102,5.10097834759689,,TRUE
,"M",566.604546071124,0.861926598920747,1,TRUE
1,"M",481.572404675081,0.686566902732867,,TRUE
2,"F",823.186110247779,3.54969513953886,,TRUE
1,"M",639.039240421352,1.83167311398674,,TRUE
,"M",250.67152881577,0.115567191179844,,TRUE
,"F",779.974744251087,3.10945619733164,,TRUE
,"M",447.971031404233,0.757073332264411,,TRUE
,"M",404.457887577348,0.605621604055241,1,TRUE
,"F",795.649948321817,3.51475437457961,,TRUE
12,"M",808.483870665972,3.60185278443688,,FALSE
6,"M",925.802011919749,6.14844538883914,,TRUE
,"M",509.225498684191,1.13340435475422,,TRUE
3,"F",814.509591380604,3.50934672243366,1,TRUE
4,"M",1006.82775183897,9.41418313265654,1,TRUE
,"F",1035.0588596428,7.07427760244688,1,FALSE
,"F",798.045816038669,2.98214188062721,1,TRUE
11,"M",877.322552564491,4.45616256085329,,TRUE
,"F",669.113504742471,1.79211655217578,,TRUE
1,"F",706.63132178052,2.76009889809122,,TRUE
17,"F",1191.0968138151,12.5078985191201,1,FALSE
12,"M",1050.48016194882,8.64462949351436,1,FALSE
,"M",560.174304586657,1.113083681466,,TRUE
,"F",751.341909330772,2.59897385757771,,TRUE
,"M",726.98286296023,2.8270287241003,,TRUE
,"M",831.393338301408,3.41225946852143,1,TRUE
,"M",981.283273260804,6.59715625944434,1,FALSE
5,"M",844.216151070289,3.54195844895438,,TRUE
,"F",760.14216414698,3.46805425257385,,TRUE
15,"F",1277.67276505768,16.6334127932942,,FALSE
3,"F",973.555325374615,8.90547341425096,,TRUE
,"M",280.31223218916,0.151890160833039,,TRUE
,"M",456.76438102475,0.693975036851157,,TRUE
,"M",449.292596311837,0.796398806399285,0,TRUE
,"M",217.570828682875,0.0619640916172974,0,TRUE
1,"M",558.336507077673,1.3435412552076,,FALSE
,"F",578.581863736915,1.46970591573827,0,TRUE
,"M",944.433882703093,5.25901921880394,1,FALSE
,"M",493.410910013202,1.01490969846852,,TRUE
,"M",709.76022352007,2.28671272011774,1,TRUE
5,"M",753.063142340285,3.30361402698664,,TRUE
1,"F",590.901129151773,1.45344242633047,0,TRUE
1,"F",569.531434439727,1.64702561405207,,TRUE
11,"F",1220.6273568683,14.2082964694984,,FALSE
2,"F",743.44152637533,3.94109722220573,,TRUE
,"M",1096.98630511742,7.66568908595932,,TRUE
,"M",771.519379800949,2.83603114148556,1,TRUE
,"F",1239.52774538743,11.7876357903243,,TRUE
6,"F",900.219187418042,5.63969448584178,,TRUE
1,"F",572.000182823454,1.27834420220011,,TRUE
7,"F",1115.73639245187,8.83956164318435,,FALSE
6,"F",1082.01990389816,8.46713639107072,,TRUE
,"M",462.107478974607,1.01455185030125,,TRUE
,"F",1043.00403145125,8.22685084771362,1,TRUE
3,"F",778.168631416662,3.12861767710379,,TRUE
1,"M",484.089533308156,0.939047000904423,,TRUE
23,"M",1036.72844489388,7.04904015966323,1,FALSE
1,"M",595.617469779134,2.35277166684807,,TRUE
8,"F",1098.16803545563,8.82909508183523,,TRUE
2,"M",726.384622314971,1.92151483115652,1,TRUE
1,"M",463.268881829629,0.725530125144153,0,TRUE
6,"F",997.314969438111,10.7815479349854,,FALSE
9,"M",1038.84105497232,5.96889753407919,,TRUE
,"M",717.074285027539,3.30153287529921,1,TRUE
9,"F",1240.71079815989,12.4785219424547,,TRUE
2,"F",717.429779853002,2.00837824974707,,TRUE
,"F",1233.47169230562,14.0142229594733,,FALSE
,"M",442.19018553268,0.673320804843755,,TRUE
,"M",513.714374630315,0.780991723209123,1,TRUE
4,"M",737.268210916304,2.99576856446408,1,TRUE
3,"F",832.697281328426,5.86803623812481,,TRUE
4,"F",870.852440764264,4.77175938645581,,TRUE
2,"F",809.262465760263,3.16545903115802,1,TRUE
,"M",640.42829258828,2.41049511067405,,TRUE
6,"M",739.251472117034,3.01814193048391,,TRUE
,"F",794.533372787222,3.8438991977752,,TRUE
3,"M",668.605662742881,3.37244537737999,,TRUE
,"M",1007.33058492763,8.40052093625516,1,TRUE
,"F",758.633083369157,4.18705533622881,,TRUE
,"M",487.128412622694,1.12638847813107,1,TRUE
,"F",461.147444541848,0.519667422527495,,TRUE
2,"F",633.826166840278,1.53227025140773,,TRUE
,"F",666.364096782044,2.95767612943314,,TRUE
,"F",925.477436136331,7.92050898888514,1,TRUE
11,"M",1032.75367821974,9.03723917319144,1,FALSE
6,"F",1086.79060506014,8.21068251365271,1,TRUE
8,"F",1203.08173983533,9.19867330875396,,TRUE
3,"M",848.915067528507,5.72250180916779,1,TRUE
,"M",826.527625950891,3.6637830307694,1,TRUE
2,"F",717.260001461205,2.22669480211073,1,TRUE
,"M",441.54121871718,0.588815189100534,,TRUE
22,"M",866.041320936389,5.15179823034932,,FALSE
7,"M",840.168878799395,3.4179390216854,,TRUE
4,"M",845.860681936516,3.39645579957211,,TRUE
9,"F",1068.68772452225,9.039135828981,1,FALSE
1,"F",590.345192388815,1.6551618514034,,TRUE
,"M",425.995045407349,0.732746343289451,,TRUE
,"M",966.527038669816,6.02327953201368,1,TRUE
,"F",535.778971451128,0.83158413355116,,TRUE
,"M",634.841580522856,1.42235684260546,1,TRUE
,"M",499.939208605311,0.849490842444213,,TRUE
2,"M",754.82079918762,2.49254359050806,1,TRUE
19,"F",1324.30258058842,19.1953564344982,1,FALSE
,"F",721.675652321211,3.03102547994678,,TRUE
,"F",790.003250715411,3.94896969349909,,TRUE
,"F",468.877851894162,0.678538842937782,,TRUE
,"F",781.079665164701,2.7916669243642,1,TRUE
,"F",1013.7019009705,8.56252866347605,,TRUE
6,"F",1105.02265662543,10.1745518380288,,TRUE
3,"M",695.219705499787,2.14457083600193,,TRUE
,"M",608.730290812218,2.11911674335167,1,TRUE
,"M",384.592778444804,0.457074532740799,0,TRUE
,"M",783.014460845043,3.36341650715664,,TRUE
1,"M",566.293484628707,1.25389591973327,1,TRUE
,"M",682.758350382837,2.54380594226448,,TRUE
2,"M",615.120705185619,1.87465344298065,0,TRUE
,"F",694.231431293196,1.81673602387485,,TRUE
,"F",836.810998465386,4.46153710010597,,TRUE
,"F",945.47861994318,4.04088329191737,1,TRUE
,"F",485.770325312088,0.69032171319883,0,TRUE
,"M",485.669375243062,0.864749413485363,,TRUE
1,"F",553.525716332031,1.8167688531389,,TRUE
,"M",775.82692231596,2.73320986801382,,TRUE
1,"F",600.842744519849,2.08800037305172,,TRUE
,"M",741.2529441505,2.62133874116208,,TRUE
,"M",437.405167465907,0.473248453384511,,TRUE
3,"F",984.807574455405,4.97869228146614,,TRUE
,"M",185.136356544171,0.0486199430623154,,TRUE
2,"F",689.679030597359,2.1235024541595,,TRUE
5,"F",835.432592701122,3.59668346990911,1,TRUE
,"F",1178.36220981903,10.9009611027143,1,TRUE
,"F",665.155271901465,2.14583138426653,,TRUE
1,"F",582.140260780741,1.1340342207964,,TRUE
,"F",976.57559929152,7.64784358344472,,TRUE
,"M",563.823486231168,1.53971894464365,1,TRUE
,"F",926.857385890779,4.81433916061664,,TRUE
4,"F",899.068095757455,6.78696002896618,,TRUE
,"M",974.149869961133,5.87262932430265,,FALSE
1,"M",597.479156596418,1.63146224237931,,TRUE
,"M",791.347773385612,2.59818237645134,1,TRUE
1,"M",532.688930374132,0.824875604001711,1,TRUE
,"F",815.449607487762,3.13199335373627,,TRUE
11,"F",1195.42174975908,9.65664868446924,,FALSE
,"M",540.323079701885,1.0891342065888,,TRUE
1,"M",529.190180497711,1.18806671915478,1,TRUE
3,"F",721.020705298185,2.47747700561823,0,TRUE
6,"F",942.54101433031,5.54206302594149,,FALSE
2,"M",491.745920231027,0.73407149083938,,TRUE
3,"F",980.697551287645,9.13664001211708,,TRUE
,"F",500.93869824427,0.934271291618755,0,TRUE
,"F",777.891677964639,5.18341404544191,1,TRUE
,"M",1095.41764457047,6.49689053918683,,FALSE
,"F",905.35758247992,6.18303993031486,1,TRUE
3,"M",872.32783588621,4.12124105109066,,TRUE
2,"F",623.04355630443,1.90519651443311,1,TRUE
0,"F",442.871882428824,0.652846301751739,1,FALSE
5,"F",967.150727150803,5.93544816152796,,TRUE
11,"F",1189.37261843054,10.937513026207,1,FALSE
,"F",418.348050870075,0.488647747055826,0,TRUE
,"F",514.929573624505,1.10257971847299,,TRUE
,"M",604.674898010012,1.4556877325036,,TRUE
5,"F",775.458900893202,2.85715201258641,,FALSE
5,"F",904.913508158732,6.12138776306818,,TRUE
,"M",980.937011664411,6.59077698906817,,FALSE
,"F",560.427508681967,1.43723680876192,,TRUE
1,"F",561.817579929899,1.57277268263874,,TRUE
12,"M",1056.81503862947,7.2309477370593,1,FALSE
9,"F",1012.65014587926,9.0327756705757,1,TRUE
,"M",753.880129916837,4.35644874053098,,TRUE
,"M",406.099148112606,0.556060629643873,1,TRUE
2,"F",710.235268332668,2.23187191840808,,FALSE
,"M",464.379286541008,0.881517940107184,,TRUE
8,"F",1162.78186637002,11.6180032332638,1,FALSE
,"M",202.551810604407,0.0572114784727186,0,TRUE
4,"F",905.13327094047,5.93367034884366,,TRUE
16,"F",1218.16515077167,13.9840098629431,1,FALSE
1,"F",641.251739637637,1.87166167890362,,TRUE
,"M",465.587662367882,0.843759532193753,,TRUE
,"M",598.380461146506,1.49434526034275,1,TRUE
,"M",905.795280757438,5.14149804165663,1,FALSE
,"F",840.285180143417,4.4420298779665,,TRUE
,"F",1175.98934316914,11.3731825874859,,FALSE
,"M",910.903121841847,6.82078550748077,,FALSE
5,"F",1001.36951551647,6.69586622156798,,TRUE
,"F",977.003850380908,7.00023386506629,,TRUE
9,"M",879.328222247278,4.78234574357553,1,TRUE
,"M",605.233386018219,1.97823773625063,,TRUE
,"M",707.418509878248,2.02942611625788,,FALSE
,"F",612.913349235433,1.23177570580032,,TRUE
,"M",989.314445663168,7.52517669198554,,TRUE
,"F",525.019040336844,0.886124856322985,0,TRUE
19,"F",1147.85488662528,17.9394118117255,,FALSE
,"M",1014.78298777038,6.9582634646617,,TRUE
,"M",440.938501497942,0.534730795413799,0,TRUE
,"F",1032.14315973511,6.94042579702623,1,TRUE
2,"F",753.316532449261,2.25365255944594,,TRUE
18,"F",1166.88551878695,11.120639371313,,FALSE
15,"M",964.901259377993,6.0373058931204,1,FALSE
,"F",950.004094736816,4.59005119795857,,TRUE
,"F",606.927004791582,1.64379882209838,,TRUE
,"M",1031.9089381729,8.38152821912073,,TRUE
2,"F",689.569848465651,2.4605599734723,,TRUE
4,"M",841.491539040311,4.7481183825343,,TRUE
5,"M",808.209577609726,4.62711301028105,,TRUE
3,"F",820.036476134938,3.38086458676053,1,TRUE
,"M",878.778427599442,4.10195228592292,,FALSE
7,"F",885.355140319266,4.63847510217236,,TRUE
1,"M",553.05989942397,1.19438009597709,,TRUE
5,"M",919.416606105178,4.50807426438753,,TRUE
,"M",522.167431890839,0.918086564662614,,TRUE
,"M",605.503674746558,1.90394665848855,,TRUE
3,"F",762.925016132739,3.59827013517293,,TRUE
2,"M",653.002818472348,2.77939490836277,,TRUE
,"F",691.068879504414,1.89800491050716,,TRUE
,"F",937.431932448193,6.49982043662926,,FALSE
,"M",529.885587779217,1.26735919975125,,TRUE
2,"F",625.53435977359,1.57333796399351,1,TRUE
1,"M",466.232869315837,0.673088412010401,,TRUE
2,"M",745.919949734659,3.99060288962103,1,TRUE
,"F",500.872748520517,0.819310589396777,0,TRUE
2,"F",740.810660058504,2.61788215522791,1,TRUE
,"F",786.646798117897,2.72000402913237,,TRUE
,"M",866.309348080933,2.98863855438093,,FALSE
,"M",627.920701071041,1.60820398224033,1,TRUE
,"M",444.529193544105,0.571658456890175,,TRUE
,"F",657.194799513422,1.99826926517455,1,TRUE
,"F",575.55359335853,1.76392380611009,,TRUE
6,"M",831.40850066374,5.39384537404513,,TRUE
2,"F",778.641966483252,3.16188465363274,,TRUE
1,"F",580.908338647728,1.8112833633341,,TRUE
,"F",881.96188152874,5.5753757710561,,TRUE
0,"F",459.911797831799,0.860450287892301,,FALSE
,"M",994.278220100981,7.27757662998288,,FALSE
,"F",1041.09988558083,9.58649378212906,,TRUE
4,"M",643.21791483707,2.30827371131174,1,TRUE
8,"M",948.414719487067,6.29146140785928,,FALSE
,"F",853.422248904984,3.59738001531042,,TRUE
,"M",831.202314305403,2.5485010017491,,TRUE
3,"F",676.955641360218,2.10272088321318,,TRUE
11,"F",1030.17459480677,8.52498442583698,,FALSE
2,"M",650.935765424958,2.4184754611851,,TRUE
1,"M",483.486782050148,1.07053345418301,,TRUE
2,"M",591.042865631093,1.29419842292862,,TRUE
,"M",265.976528921179,0.173622315996339,,TRUE
,"M",898.244166830474,7.42680161867477,,TRUE
3,"M",780.548739976026,2.53857190026794,,TRUE
,"M",708.398708655141,2.90694401696031,,FALSE
,"F",669.56624613734,2.09407624004054,,TRUE
1,"F",639.93747664814,1.48007666616939,,TRUE
,"F",721.284838059786,2.94526077049755,,TRUE
5,"M",1019.96771665575,7.524746239368,1,TRUE
0,"F",356.375514805052,0.349828346872797,0,FALSE
,"F",1141.01485693011,9.21722329071663,1,FALSE
7,"F",1089.98682626606,8.92679211136036,,TRUE
,"M",395.053093215245,0.554986960830771,0,TRUE
,"M",1087.00191427392,13.4116223839477,,FALSE
16,"M",820.236724058792,3.14092748443539,,FALSE
,"F",417.46890130907,0.50491152729915,0,FALSE
5,"M",1009.24015759439,5.43841673231471,,TRUE
22,"F",1432.78126749283,32.7978902712596,,FALSE
,"F",595.721095247172,1.48528963643723,1,TRUE
,"M",654.520144076428,2.53125253936973,,TRUE
,"M",856.925233637851,4.65122212807271,,TRUE
7,"F",993.333881205275,5.87288960086772,1,TRUE
20,"F",1121.98357652023,9.7358075669837,1,FALSE
2,"F",704.855627471009,2.78175095869445,1,TRUE
,"F",1081.53780969562,10.2436910674523,,FALSE
,"F",468.555792109164,0.639889934982163,,TRUE
,"M",949.131214103068,4.51738891133051,,TRUE
14,"F",1237.69716830131,12.5697699608149,1,FALSE
3,"M",756.452031167018,3.33448076299475,,TRUE
,"F",745.696646095675,3.54753273547862,,TRUE
11,"M",1025.09058130227,8.17044774374462,,FALSE
4,"M",885.60086034419,5.71650615258324,,FALSE
6,"M",910.734659500024,4.31072623656308,1,FALSE
,"F",465.168523791754,0.912583092065665,0,TRUE
3,"F",771.117457836953,3.17792468078344,1,TRUE
,"F",1164.2371598653,18.9683029213661,1,TRUE
,"F",653.960728671255,2.81597741231142,1,TRUE
6,"M",857.459971180794,3.63071769679314,,TRUE
,"M",900.939960127075,7.58814967086013,1,TRUE
,"M",489.555997888417,0.919883201345412,,TRUE
2,"M",586.581250699692,1.77550593548405,,FALSE
,"M",499.659107604455,0.97412997954653,,TRUE
,"F",677.814184418834,2.5409422356151,1,TRUE
,"M",802.541882955118,3.85100351197965,,TRUE
2,"F",832.037473397415,7.15727758221983,0,FALSE
,"F",591.519597940645,1.88094397933347,,TRUE
12,"M",928.208536461565,4.00261916232051,,FALSE
,"F",944.477431376611,4.82636290791599,1,TRUE
,"M",443.25334595649,0.641020730573582,,TRUE
,"M",527.538102692266,1.1459931525378,,TRUE
,"F",814.047187103465,3.85505763063801,,TRUE
1,"F",576.965315238883,1.02381042579531,1,TRUE
,"M",801.296823334932,3.99118869380501,,TRUE
0,"M",222.480456996979,0.102626819636606,,FALSE
4,"F",994.536078222416,10.849563019809,,TRUE
2,"F",712.292972943956,3.06456234343912,1,TRUE
,"F",808.487002593976,4.11799696334123,,TRUE
,"F",515.104955390616,1.05129347272688,,TRUE
,"F",741.079686593635,2.61368034623835,1,TRUE
,"M",644.484493167602,2.90033358274583,1,TRUE
,"M",980.271517487056,5.67825549915871,,FALSE
7,"F",1107.53320757717,9.45630912342641,,TRUE
,"M",696.48841341922,2.01929122017067,1,TRUE
10,"M",1045.6047527416,7.20867490987292,,TRUE
,"M",764.280863956634,2.91546518651871,,TRUE
8,"M",987.26003426591,7.20907306557176,,TRUE
,"M",622.050997937915,1.70175771477079,,TRUE
4,"F",984.830501779184,5.94319869336025,1,TRUE
,"F",1022.18518179271,8.81509245775301,,TRUE
4,"M",917.085586188738,4.85418742245596,,TRUE
,"M",655.939271415199,2.18818956988794,,TRUE
,"F",656.250261197327,2.02313697244379,,TRUE
,"F",842.754521875199,4.01179394420969,1,TRUE
,"F",1100.13704652961,10.7525625328455,1,TRUE
9,"M",946.460665418838,8.91565958456702,1,FALSE
,"M",729.769551516528,4.30033578574015,,TRUE
9,"F",1133.82488920377,12.6742311317084,,FALSE
,"M",525.498245083402,0.685903839673518,,TRUE
,"M",495.157437484691,1.15743418862591,1,TRUE
,"F",1152.1056770933,12.1262546832035,1,TRUE
,"M",755.45960079671,4.01659086841146,,TRUE
,"M",782.004855102573,2.84607325889693,,TRUE
,"M",681.162720985537,2.3765619009974,1,TRUE
4,"M",718.649234543993,3.58077610136907,,TRUE
,"M",1073.90522983308,9.44452940367386,,TRUE
2,"F",622.683987143475,1.77120105563502,,TRUE
,"M",730.945454469633,3.6014214751822,,TRUE
23,"F",1408.98935901777,18.5898169896497,,FALSE
2,"M",714.228321792231,2.04057080970584,1,TRUE
,"M",395.894581431185,0.669084579333559,,TRUE
,"F",807.635623456373,3.89391307082841,,TRUE
4,"M",987.324240681616,6.34647949455752,,TRUE
6,"F",1238.269245662,14.050138171504,,TRUE
2,"F",835.996760989059,5.57823738482358,,TRUE
,"M",573.227541281379,1.28495922371257,1,TRUE
,"F",1154.53955941721,8.83822088680133,,FALSE
4,"F",682.93323311679,2.12357197206881,1,TRUE
,"M",422.809350056722,0.423955328610954,,TRUE
,"M",574.256007135156,1.73395920475436,0,FALSE
,"F",738.054462397609,3.94246431983739,,TRUE
2,"F",549.64163950191,1.5247495369967,,TRUE
2,"F",765.983441926178,3.24050978514319,,TRUE
13,"F",1214.60059742292,15.9362385897388,1,FALSE
10,"F",1260.59520013014,11.7983891630821,,FALSE
,"M",856.140121563309,5.13345529830954,,TRUE
,"F",745.68385292487,2.7774132252131,1,TRUE
13,"F",1183.43528350782,12.9511215597019,,FALSE
2,"M",609.872474562066,1.89690400390334,,TRUE
,"M",480.249150467598,0.785691521505871,,TRUE
,"F",526.530586541631,0.919206055606987,,TRUE
13,"F",1355.4950885396,17.1603148767256,1,TRUE
,"F",557.795812997085,1.63116064497747,,TRUE
4,"M",718.770000970129,2.19666224397363,,TRUE
,"F",674.146123973338,2.06063373687072,1,TRUE
21,"M",896.250370384537,7.28143011136231,1,FALSE
,"F",676.041781378916,1.90462869663814,1,TRUE
20,"M",1048.41852177361,8.80144221674137,1,FALSE
,"F",1252.22975846787,14.2754780509917,1,TRUE
2,"M",599.031347207624,1.35612321477032,,TRUE
8,"F",1241.9431256564,13.8328328234927,1,FALSE
3,"F",744.465913307529,2.61018325843716,,TRUE
1,"M",560.033098657878,1.72432014406282,0,TRUE
,"M",1303.03230574267,16.8548714927201,1,TRUE
8,"M",816.043396028531,4.30382079303587,1,TRUE
1,"F",631.157934857417,1.54934734816172,0,TRUE
,"F",422.196958274718,0.419730328817365,0,FALSE
,"F",862.796379985405,6.90220747105604,1,TRUE
2,"M",592.354776995131,0.921326804882947,,TRUE
1,"F",581.561218598186,1.17546253231818,,TRUE
5,"F",813.918733269856,3.35383274406252,1,TRUE
3,"F",673.966779415443,1.95488907233826,,TRUE
,"F",750.524287621749,3.25715862586837,,TRUE
,"F",627.993747257582,1.83553483839607,0,TRUE
9,"F",930.345298407808,5.84033251702985,1,FALSE
0,"F",415.772787053615,0.532760118844667,0,FALSE
,"F",914.389158099407,6.31183442901607,1,TRUE
,"F",1025.3954025191,6.76121870805451,,FALSE
,"F",889.308446880787,6.11479761377489,1,TRUE
,"M",622.784034663442,1.57998131523143,,TRUE
,"M",775.54833129158,3.84064799439947,1,TRUE
0,"F",383.163354436509,0.379745363484147,0,FALSE
3,"F",753.985769712817,4.34806276397621,1,TRUE
,"M",201.766702205146,0.0552661917336439,,TRUE
4,"M",863.757353407906,4.83460338781323,,TRUE
15,"F",1376.37119341973,17.3028708277177,,FALSE
,"F",747.017966484656,2.45303697236442,,TRUE
,"F",789.774410832149,3.78161000914738,1,TRUE
3,"F",687.352771157305,2.3775493262163,0,TRUE
,"M",753.667876535158,2.98935277928752,,TRUE
,"F",676.601739069119,2.22374131445355,,TRUE
,"F",462.844527400591,0.808615675950274,0,TRUE
7,"M",887.40131268034,4.69074515758001,,TRUE
8,"M",789.97767043767,4.5952817930441,1,TRUE
,"F",537.114234608289,0.91710385806014,,TRUE
1,"F",691.77573946678,2.27847603730722,,TRUE
,"F",722.046767974086,3.33665622803625,1,TRUE
2,"M",811.777901704926,6.69145420081851,1,TRUE
,"F",1195.64944297733,13.2524854314612,1,TRUE
,"M",1089.39898299969,9.20968351677007,,FALSE
4,"F",989.505575525151,4.85522017951361,,FALSE
3,"M",752.567758170831,2.77874606886195,,TRUE
3,"M",845.612677963642,4.66274672784318,,FALSE
1,"F",573.264686792928,1.40236171890238,,TRUE
,"M",441.707566569845,0.747649235014846,1,TRUE
,"F",576.675906877813,2.42771367872052,,TRUE
,"M",827.038291887359,3.15498716244082,,TRUE
,"F",1309.10352553693,16.5730545641737,,TRUE
4,"F",866.111145980989,5.03404051648205,,TRUE
,"F",739.75878410476,2.78574483802875,,TRUE
,"M",992.729716467092,7.32322862983702,1,TRUE
,"M",1052.66979922812,7.17318435361755,,TRUE
,"M",474.018039593036,0.753820497980868,,TRUE
,"M",199.886998840822,0.0806845639452151,,TRUE
3,"M",825.815966577955,3.44679978268789,,TRUE
,"M",744.261317866153,3.26073483654357,,TRUE
4,"F",1026.89893949535,5.07763685024888,1,TRUE
,"M",1004.307359686,10.3579586755788,1,TRUE
3,"F",783.191553437974,2.64373885956938,,TRUE
2,"M",652.039664440021,1.98709843362697,,TRUE
,"F",1066.76346284984,6.46138298039237,,TRUE
7,"M",1129.22362611863,9.61935071574397,1,FALSE
,"F",854.818027305508,5.51671114161892,1,TRUE
,"M",714.577182525011,2.877043432205,,TRUE
,"F",838.234046568027,4.76809513577423,,FALSE
4,"F",831.935346305274,3.71639196758144,1,TRUE
,"M",864.679234857417,2.91927370965673,,FALSE
,"M",499.186179612807,0.965272031784121,,TRUE
14,"M",909.15501375009,5.22799406084668,1,FALSE
,"F",1017.91042702156,8.47162709120668,1,TRUE
,"M",827.663701666437,5.18487657603003,,TRUE
,"M",472.296510047769,0.459321606858084,,TRUE
,"F",1021.02652282306,10.4234981449817,,TRUE
5,"M",860.998107215053,4.8580793187084,1,TRUE
,"M",674.937055250404,2.68350230300379,,TRUE
,"F",955.501710028547,6.31606104150292,,TRUE
2,"F",752.325936583678,4.72655429508678,1,TRUE
,"M",575.295306368169,1.18071746063169,,TRUE
4,"M",814.644361989345,2.97337046905667,1,TRUE
,"F",685.026002948536,2.07830111386416,1,TRUE
,"F",913.941940973689,5.63190540040789,1,TRUE
3,"F",772.620352756119,2.34075261451342,,TRUE
18,"M",932.44825664597,7.28129304696574,,FALSE
,"F",919.661790931896,4.46653830260914,1,TRUE
,"M",383.389355735685,0.400108542839458,,TRUE
5,"F",860.265637618801,4.5918244945078,,TRUE
,"M",566.158066650207,1.23796607383087,,TRUE
5,"M",857.511143874334,4.35064846857282,1,TRUE
2,"M",714.70865172796,2.97184744571215,,TRUE
2,"M",702.734493510603,2.28107356280444,,TRUE
,"F",702.787472291201,2.34511271386006,0,TRUE
,"M",843.827157730601,4.37480003455438,,TRUE
,"M",933.2660860352,4.53614366945072,,TRUE
,"F",945.715873190256,5.84170074001257,,TRUE
,"M",826.927051003641,6.92699938552903,1,TRUE
,"M",452.506635487088,0.57523593300762,,TRUE
,"F",970.757091219074,8.452654016733,,TRUE
9,"F",1227.46767781961,10.5120911348197,,TRUE
,"M",496.258503117355,0.842937404780765,0,TRUE
,"M",1009.3607402333,6.8442294258021,,FALSE
,"M",224.266875657559,0.100972363561343,0,TRUE
,"F",707.017727266544,3.75307108169666,,TRUE
,"F",436.967115940416,0.713897729071784,0,TRUE
1,"F",635.824606753449,2.09206970292785,1,TRUE
,"F",1032.33765179697,8.098981745602,1,FALSE
3,"F",733.760063152144,2.27453629686592,1,TRUE
,"M",932.121186432844,7.56359398353308,1,FALSE
,"F",973.765249303022,9.2129661983977,1,TRUE
4,"M",890.453634150534,5.51344214918478,1,TRUE
,"M",764.25439030897,2.54089004497673,,TRUE
10,"M",982.636979316896,5.94768383908087,,TRUE
,"M",508.385341791845,0.907330567343941,,TRUE
2,"M",612.79571040449,2.04382653966454,,TRUE
7,"M",1085.7236902921,8.41979699221911,1,TRUE
,"F",645.927865143603,1.81407686087024,,TRUE
,"M",571.136091928707,1.37419782571756,1,TRUE
,"F",762.747575368657,2.03902661744722,1,TRUE
,"M",434.174401163354,0.580627182164241,,TRUE
,"F",1357.76853004031,16.6556249685943,,TRUE
,"M",761.173793912121,4.22849754004249,1,TRUE
6,"M",1047.6203669123,9.85183553565228,,TRUE
,"F",1002.88827323359,7.52047946499271,,TRUE
4,"F",737.542714345027,3.53352943913025,1,TRUE
4,"M",681.339978039921,2.23794375732068,,TRUE
,"F",555.340846578955,1.45329439852229,,TRUE
,"F",410.367732531417,0.535055355783784,,TRUE
2,"M",626.911654189736,2.20531339484695,1,TRUE
,"M",876.465025334909,5.67911598113098,1,FALSE
,"F",940.114219410223,8.52987481542961,1,TRUE
,"F",570.964253522886,1.38798503938318,,TRUE
,"M",721.406008550069,3.95419714500465,,TRUE
,"M",422.410106528553,0.50616036076728,,TRUE
,"M",692.717463810143,2.81080808139996,,TRUE
,"F",764.107964903363,3.84956990001122,,TRUE
,"F",566.955803535712,1.09630958673298,,TRUE
,"M",494.634762473741,0.763906727998522,,TRUE
,"F",507.782389219729,0.959393429278061,,TRUE
,"F",642.227303682478,2.50559430853349,,TRUE
3,"M",738.266780666272,3.61220065165857,,TRUE
17,"F",1166.67729172448,11.1138055700368,,FALSE
,"F",670.025889008392,2.16948539006242,,TRUE
,"M",381.642791520572,0.329088662107308,,TRUE
,"F",1248.41990077575,15.6873779448049,,FALSE
,"M",412.551065326349,0.568446263970055,,TRUE
6,"F",1162.83743731976,10.2057381346267,,TRUE
22,"M",962.071978332915,5.12616555300902,,FALSE
11,"M",932.364179655419,6.38169967666157,,TRUE
,"F",633.445997158529,1.4481115982456,,TRUE
,"M",506.086652005615,0.890832539169933,,TRUE
21,"M",1068.99138779669,7.77522926697481,,FALSE
12,"M",894.891292938586,3.94768860406632,,FALSE
,"F",1085.27954009156,7.91202931715056,,TRUE
,"F",714.171121228709,1.83220938717719,1,TRUE
,"F",868.135116127869,4.57572315526126,1,TRUE
4,"F",869.887256750409,5.42720529120026,,TRUE
2,"M",628.302452869735,1.63331096129814,,TRUE
,"M",1147.02288368474,7.59328458116209,,FALSE
,"M",991.338200673031,8.382656847255,1,TRUE
,"F",741.071942012853,2.97206541934592,,TRUE
11,"M",820.709761381352,3.76572802489306,1,FALSE
,"F",649.31256434952,1.79530389022105,,TRUE
18,"F",1007.99546726733,8.84800244193683,1,FALSE
,"M",493.362151702304,0.781439406166615,,TRUE
,"F",564.249712537889,1.50573459836865,0,FALSE
,"F",664.577629082967,1.84546810426129,,TRUE
3,"F",633.455964504427,1.65029103092053,,FALSE
,"F",665.39365569285,1.80561515334668,,TRUE
21,"F",1150.41258799966,10.9868931271124,,FALSE
,"M",232.685349728747,0.0656639902258931,0,TRUE
2,"M",560.65721355876,0.87834097920077,,TRUE
,"F",724.888290089054,1.93652645559001,,TRUE
3,"F",858.197495354445,5.18001375932662,1,TRUE
,"F",421.720108987357,0.563040779701882,,TRUE
,"M",688.218340150645,1.81483626804873,,TRUE
23,"F",1024.8326358793,6.72667008266917,,FALSE
,"M",666.377992068756,2.10422204030886,,TRUE
,"M",686.537620994688,2.09652353045792,,TRUE
15,"M",1010.46351772641,7.98350236730531,1,FALSE
2,"F",640.578584638691,1.93775565117258,,TRUE
,"M",1022.32151972037,6.87603326871095,1,FALSE
,"M",706.61167322847,2.50892125116405,,TRUE
9,"F",1271.10878970329,14.1809067293044,,FALSE
22,"F",1301.21596467755,15.2499295571043,,FALSE
4,"M",764.263103630782,2.93466055792045,,TRUE
,"M",754.901516079826,3.19194788870489,,TRUE
,"F",481.598224260671,1.00675938025559,1,TRUE
7,"M",751.038459768143,3.48606251280331,1,FALSE
,"F",942.635938796846,5.77327855156501,,TRUE
,"F",1176.8036412454,15.8679350168574,1,FALSE
7,"F",1043.39768730066,11.9414586245493,,FALSE
,"M",851.633235684974,6.88252017836423,1,FALSE
,"F",710.024441497916,2.22610531159758,,TRUE
,"M",561.168147986185,1.54026909724127,,TRUE
,"M",605.473734232088,1.5247288866582,,TRUE
,"F",1079.61777617617,8.67720609842438,,TRUE
,"F",1399.95123472525,26.6568355385134,1,FALSE
,"F",671.941383766167,3.26315988206198,,TRUE
,"M",687.060122257128,2.88129605949554,,TRUE
21,"F",1269.89216688175,14.4456576925373,,FALSE
,"M",471.584686245742,0.729903140337221,,TRUE
,"M",481.64670238203,0.569481794905772,,TRUE
2,"M",567.226532731244,1.15484763554079,,TRUE
4,"M",897.316523524282,4.93977782969102,,TRUE
10,"M",894.665431605961,4.33393935329008,,FALSE
,"M",803.397577753263,4.9333736810947,,FALSE
,"F",858.740191543011,5.51888614315661,,TRUE
,"M",633.555611924812,2.00271388496715,0,TRUE
20,"M",876.946746018987,3.52688847490364,,FALSE
,"M",969.891748469531,7.56054745675016,,FALSE
,"M",646.285233976687,1.9756151690333,1,TRUE
,"M",497.018353418962,0.610507191398423,,TRUE
2,"F",828.297547942485,3.74079913278877,,TRUE
,"F",711.980383436677,3.02136735895702,,TRUE
,"M",637.447424142593,1.82230265295388,1,TRUE
,"F",1044.66756843638,10.8157030451126,,FALSE
2,"M",606.82928681138,1.72187702068811,1,TRUE
,"M",482.852048183574,0.71912323599603,,TRUE
,"M",822.969889859683,3.56870704610013,,TRUE
,"M",552.81482210186,0.931155862579673,,TRUE
2,"F",778.752518922485,2.66143648228228,,FALSE
3,"M",542.027316478121,1.31954225632969,,TRUE
4,"M",863.530013797912,6.05696786832831,1,TRUE
,"F",757.797712924705,3.40069511706533,,TRUE
,"F",905.159354349383,5.79771327923728,1,TRUE
,"F",898.249393323634,5.26984289493985,,TRUE
,"F",668.379014356866,2.25772707598435,,TRUE
14,"M",920.199435645158,4.95350828949746,,FALSE
5,"F",927.693926013829,4.86104153278197,,TRUE
4,"M",788.890353246827,2.93408811652508,,TRUE
,"M",435.375961765596,0.580855552903278,,TRUE
,"F",637.013715329737,2.52510757666648,,TRUE
,"F",1162.52811854836,16.7872256029622,,TRUE
,"M",807.664874052948,4.62236034546362,,FALSE
1,"F",559.506196673916,1.33454064126555,1,TRUE
,"M",774.678115438852,3.50863609351435,,TRUE
,"M",929.401274549118,4.45776977850274,,TRUE
,"F",857.106996160537,3.63851953494873,,TRUE
15,"M",1045.80773980824,10.2130662486437,,FALSE
,"M",806.656477119082,3.94340966848074,,TRUE
,"F",1143.95484481379,6.86565374391496,1,TRUE
,"F",807.546484121533,3.47700878335333,1,TRUE
,"M",1064.33710346202,10.101159928574,,TRUE
,"M",788.083228907859,2.50853282573511,,FALSE
,"M",778.995314831336,4.79216337317084,,TRUE
,"F",686.867981487621,1.96423499032958,1,TRUE
0,"M",244.607309141326,0.095035732321388,0,FALSE
4,"F",889.327831350123,6.1189949976659,1,TRUE
,"M",843.826914940832,3.83616972892959,,TRUE
,"M",926.665304283608,4.53596116314581,1,FALSE
,"F",1228.54067051626,13.2791097195336,1,FALSE
,"M",699.596575617232,2.06511284637729,,TRUE
,"F",492.431938188862,0.652968810120553,,TRUE
,"F",662.375743231972,1.92412234855268,,TRUE
3,"M",805.725854484635,3.0187231949623,,TRUE
,"M",488.262954138081,1.0035031926984,,TRUE
,"F",1146.51114080494,14.3090817447544,,TRUE
0,"M",249.766502709539,0.117359062415261,,FALSE
2,"F",733.908425798119,2.40025558790261,1,TRUE
,"F",1012.52101880761,8.45506474946648,,FALSE
,"F",684.354437925342,2.84439672263114,,TRUE
,"M",567.46159789067,1.17577519615979,,TRUE
2,"M",738.107132521652,3.21665233968607,,TRUE
,"M",609.618764536831,1.81867814137735,,TRUE
,"F",985.696481524864,4.77987366448139,,TRUE
,"F",904.176312077783,5.66710812327853,,TRUE
,"F",860.821850844465,4.04937515474784,1,TRUE
12,"F",1227.33231098966,13.2744858038885,1,FALSE
,"F",872.808668304967,6.15830421374892,1,TRUE
,"F",1377.1172244537,19.3301876775855,,FALSE
,"F",752.384955733908,3.22513877608365,,TRUE
,"F",552.471230530343,0.88687825233955,1,TRUE
1,"F",552.25368595175,1.75085127561438,1,TRUE
,"M",239.750443299871,0.0823901900831878,,TRUE
,"F",645.434615686177,2.02794965319859,0,TRUE
,"F",633.044691680265,1.54756718167122,,TRUE
,"M",659.544773263068,2.08429906078956,,TRUE
7,"F",1033.1289946149,9.50505591974487,,FALSE
6,"M",850.947774110334,3.76052147459245,1,TRUE
,"M",769.450569542873,2.24711699675695,,FALSE
3,"F",952.939425223984,5.00553900675496,,TRUE
3,"M",886.612125210615,3.46257386384797,1,TRUE
,"F",711.285038306429,3.27420872370907,,TRUE
,"M",487.119262872466,0.777001053274538,,TRUE
12,"F",1130.56476468017,6.95574819789,,TRUE
13,"M",853.688912853444,3.60255538126339,1,FALSE
,"F",821.692089727951,5.01423834455951,,TRUE
4,"M",758.124990889126,2.79277040744642,1,TRUE
,"M",250.181388515817,0.123101555059464,0,TRUE
10,"F",1113.23115654239,13.9231646812454,,FALSE
,"F",408.626866538188,0.598228695241594,,TRUE
2,"F",798.172038521832,3.62356528625615,1,TRUE
5,"F",818.138984809934,3.40782954000765,1,TRUE
2,"M",722.079736356905,4.70192852647572,,TRUE
,"F",584.884453611788,1.16863750800624,0,TRUE
,"M",486.128112431918,0.904488306261521,0,TRUE
5,"F",907.630310647686,6.21706752084564,,FALSE
,"F",782.432833330371,3.66324292500908,,TRUE
,"F",683.997867514759,1.75607361282476,,TRUE
,"M",525.909308710104,0.740064920660258,1,TRUE
,"M",840.004573306632,3.33535468589585,1,TRUE
,"F",915.113796495458,5.21972236331795,,TRUE
,"F",1218.66152499737,9.93559207233571,,FALSE
2,"M",695.241194276899,2.28855718736676,,TRUE
,"F",473.467821397599,0.906481345629408,0,TRUE
,"M",731.181151282932,2.95650345840017,1,FALSE
,"F",597.381633527319,1.33023845826626,,TRUE
,"M",754.728673104216,2.11475720656907,1,TRUE
3,"M",700.340554084362,2.07926131639515,1,TRUE
,"M",416.822844300252,0.547650820025542,,TRUE
,"F",739.786922129549,2.71647650667041,,TRUE
2,"M",896.202189439069,4.40348089731802,1,TRUE
,"M",786.709819887656,3.52941526920914,,TRUE
,"F",567.658707158826,1.63680286659765,,TRUE
,"M",844.298913188768,4.46890288629621,1,TRUE
,"F",395.399636667057,0.402083811290703,,TRUE
3,"F",944.331591628661,7.71888374111167,,TRUE
,"M",552.000942326804,1.10547766215023,,TRUE
2,"M",607.102331402561,2.03644906473108,,TRUE
2,"M",576.433549760126,1.37404793370065,,TRUE
2,"F",733.517870744149,2.45128033342119,1,TRUE
,"M",689.345494029645,1.92138819469235,1,TRUE
4,"F",850.516198400325,5.00603454618358,,TRUE
11,"F",1272.64301855337,17.8579303424248,1,FALSE
,"M",997.248831776984,5.92530935270449,,TRUE
,"F",670.425851710481,2.47056711786095,,TRUE
,"M",444.975717432389,0.548721185373568,,TRUE
1,"F",596.922184768294,1.34125962413853,1,TRUE
,"F",608.798785763915,1.72094018522608,0,TRUE
3,"M",672.636142954915,1.83527721452231,1,TRUE
,"M",779.793577382452,2.7633378603009,1,TRUE
,"M",1004.53376758425,8.73756580441766,,TRUE
,"F",849.29022761215,6.98862193928766,,TRUE
,"M",624.446962083282,2.11075380692264,1,TRUE
,"M",764.656098794959,2.48508281288686,,TRUE
,"F",1067.11576831377,7.79201778443015,,FALSE
18,"M",915.733678092083,5.49821332105252,,FALSE
,"M",526.619372701682,1.1456037321665,,TRUE
21,"M",796.654351268376,2.86595675738542,,FALSE
,"F",648.355730170863,1.62813044973084,1,TRUE
,"M",725.967391237581,2.00395087197341,,TRUE
,"M",750.447210608517,4.56771828411008,,TRUE
4,"M",923.305400077175,4.26761454643366,,TRUE
2,"M",671.020504728056,3.00741466855388,1,TRUE
3,"F",801.889561633186,5.41261327516071,,TRUE
4,"F",975.456995848921,7.34694703650124,,TRUE
,"M",460.489460836522,0.804234274338192,0,TRUE
18,"F",1297.32410218403,13.3087516908422,1,FALSE
,"M",264.63272433096,0.134445365698796,,TRUE
,"M",421.51849077527,0.575523554067298,,TRUE
,"M",496.659189705105,1.03311105880217,,TRUE
,"M",465.812885907234,0.762865772117204,0,TRUE
,"M",818.361025952641,3.8949093565536,1,TRUE
10,"M",843.366293748281,4.7330001899531,,FALSE
,"F",864.258459307026,6.91390345011348,,TRUE
,"M",917.363955423978,4.6838949942569,,TRUE
1,"M",534.912837400757,0.814163816669381,1,TRUE
,"F",682.33811846859,2.60717892048219,,TRUE
,"M",410.518954398354,0.372563772130579,0,TRUE
2,"M",618.503526065279,0.981409963645594,,TRUE
,"M",430.042918151852,0.490823600023908,,TRUE
,"M",550.540935658618,1.22108219368361,0,TRUE
,"F",808.807568753272,2.27270792000728,,TRUE
2,"F",670.748872113637,2.97026006631419,,TRUE
3,"F",799.557869599574,4.11072842725564,,TRUE
19,"F",1138.93719300092,8.41164032343478,,FALSE
,"F",964.49029865028,6.49340521746635,,FALSE
1,"F",750.976164918071,2.18132985537725,1,TRUE
,"M",897.022487085685,3.71809197171389,1,TRUE
,"M",934.435988076139,5.10852415776981,,TRUE
,"M",474.178885205213,0.57846621228445,,TRUE
1,"M",518.824443461061,0.70233714361326,,TRUE
,"F",1152.74183856839,10.2888232797966,1,FALSE
4,"F",900.670183152149,5.76538664934457,,TRUE
,"F",1058.61898924908,8.37428675563572,,TRUE
,"M",398.75771818355,0.410607010284749,0,TRUE
3,"F",805.947787007236,4.80797433983291,,TRUE
2,"F",679.686051171395,2.37273234515239,1,TRUE
6,"M",909.146039207129,6.06778015552218,,TRUE
4,"M",569.229370760216,1.4107093859319,,FALSE
1,"F",630.359782627606,2.19894744532332,0,TRUE
3,"M",582.822817822155,1.79375956481975,,FALSE
2,"F",750.090383882643,4.25418518130459,1,TRUE
2,"M",682.744760668169,2.67083013795767,1,TRUE
3,"M",648.1880231524,2.11481802322773,1,TRUE
,"M",550.085919005384,1.07745812045757,,TRUE
5,"M",642.702887635392,1.7149412386261,,TRUE
3,"M",637.123574631222,2.03177867135958,1,TRUE
4,"F",824.31061116639,3.8611305546113,1,TRUE
1,"F",570.488063977529,1.59629403422825,,TRUE
,"M",595.922120986427,1.4485078334875,,TRUE
2,"M",559.697945161269,1.07476808394405,1,TRUE
,"F",847.653291009355,5.06612860003269,,TRUE
,"F",1334.58572158525,19.9251125231268,1,TRUE
,"M",210.248231129496,0.0614753981897541,,TRUE
1,"F",646.455547560322,1.60984333290241,0,FALSE
3,"F",686.762827757324,3.08432119324193,,TRUE
,"F",642.564125183127,2.58765951866716,,TRUE
1,"F",573.441948243636,1.90292170516488,,TRUE
1,"F",591.743709321408,1.99294162067314,1,TRUE
,"F",960.094966030779,5.3497480202827,,TRUE
2,"F",815.967876714892,3.94415401273327,,TRUE
7,"F",1160.23837865903,11.4556825302099,,TRUE
1,"M",480.074765028585,1.17236412977436,,TRUE
3,"F",828.308277213833,4.39939398968181,,TRUE
12,"M",835.259791430476,3.72645981741729,1,FALSE
16,"F",1248.49380727368,11.404817441989,,FALSE
5,"F",856.594299844661,3.99752628695342,,TRUE
,"M",694.252821229554,1.80197544255363,1,TRUE
,"M",734.763163981194,2.22322813245404,,TRUE
,"M",726.515448109515,3.16302278775796,,TRUE
4,"M",621.737832334315,1.83368273659491,1,TRUE
,"F",562.259873450421,1.05438800845109,,TRUE
7,"M",905.505749605923,5.31514987703666,,TRUE
,"M",920.056301855968,4.55588480887585,,TRUE
,"M",456.564155220833,0.560892983164801,1,TRUE
4,"F",953.251409751518,6.72284465095285,1,TRUE
9,"F",1286.66078444914,17.642638221834,,FALSE
2,"F",721.028279070694,3.10124289431755,1,TRUE
,"M",1042.59989354573,7.73749923718587,,TRUE
,"F",943.384878185198,8.02349610416137,,TRUE
,"M",869.097043881731,3.35093076812482,,FALSE
,"F",956.400956493329,5.83290178451718,,TRUE
1,"F",646.566303234214,1.53680829494846,1,TRUE
,"M",696.117519199416,2.83356904097826,,TRUE
,"M",624.134488452627,1.65166023891505,1,TRUE
3,"F",847.830849955407,6.20101406206086,,TRUE
,"F",538.927875208774,1.22975303029199,1,TRUE
,"F",589.247680922383,1.49440850729462,0,TRUE
,"F",523.565968815131,1.14613675539437,,TRUE
5,"F",985.237802962754,6.65102680461916,1,TRUE
1,"F",664.562538791384,2.1412200639893,0,TRUE
,"F",1003.94371161079,7.49448480833571,1,FALSE
,"M",795.405775685847,3.41349914833385,,FALSE
,"M",437.315960108408,0.761150274640831,,TRUE
,"F",1059.35685650148,6.89982481320849,,TRUE
,"F",1284.9583042001,13.3862407406316,,FALSE
3,"M",728.311008630187,2.70924138481384,,TRUE
0,"M",189.78571010067,0.0487890284859344,,FALSE
23,"F",1169.52795627777,14.8742043965417,,FALSE
,"F",1098.79974472145,8.56711713463722,,FALSE
,"M",642.071033068954,1.99021830006862,,TRUE
,"F",1201.73474305798,10.1813992302816,,TRUE
,"M",679.314871580764,2.75894039730027,1,TRUE
1,"F",636.464880455519,1.22048044636034,,TRUE
2,"M",615.063684888231,2.08493744187946,,TRUE
,"F",505.565460620214,0.785985860658367,0,TRUE
13,"F",1136.99576523772,11.5006258482272,,FALSE
,"F",794.16634142755,3.03058336630619,,TRUE
,"M",1045.95343161022,8.90670239701237,1,FALSE
10,"M",964.142215966598,6.55959265664087,1,FALSE
,"M",779.036474361641,2.92223337219972,,FALSE
,"M",651.524222129927,1.50061878616448,1,TRUE
6,"F",1067.7516227653,6.70153961789971,1,FALSE
2,"F",703.520211659545,2.23227349984864,1,TRUE
,"F",827.536802880304,3.35828355685773,1,TRUE
,"F",940.392864546873,6.80071791943177,,TRUE
3,"M",736.714411157201,4.47030840789061,,TRUE
,"M",631.539122028794,1.55780003499335,,TRUE
4,"M",671.907618994424,2.98904031191414,1,TRUE
,"M",857.988224991079,3.95610408388346,1,TRUE
,"M",733.308180255353,3.02667590792359,,TRUE
,"F",582.765447671485,1.69469933169263,,TRUE
,"F",652.973912219297,2.06108445138329,,TRUE
,"M",452.905794921486,0.828526925060866,,TRUE
,"F",552.244982840873,1.30447186501522,,TRUE
,"F",1129.15105799533,14.7397640067121,1,TRUE
,"M",516.455518501067,0.961417016081548,1,TRUE
1,"M",586.082339154816,1.70677619999404,,FALSE
4,"F",925.853994603944,5.43256734057262,,FALSE
19,"M",885.487796088256,4.265917587216,,FALSE
10,"F",1352.70210376032,18.8511284632431,,TRUE
1,"F",639.738030992404,1.91726793704937,,TRUE
,"F",941.419946210576,6.46190336003039,,TRUE
,"F",908.193859147355,4.4591792010435,,TRUE
1,"F",731.160850840545,2.97735630794131,1,TRUE
,"F",742.853592184774,2.78385864356855,,TRUE
3,"M",733.817269824124,3.07035233577794,1,TRUE
2,"F",722.94151547769,2.81840132934325,,TRUE
12,"F",1041.68182113164,8.09696712686163,,FALSE
,"F",580.321746744144,0.873753987252076,,TRUE
15,"M",982.927457835096,6.51084978901819,,FALSE
12,"M",880.80052250789,4.87904532557535,,FALSE
,"M",453.055995336971,0.601746917587986,,TRUE
2,"F",632.501239456379,1.64617438399698,1,TRUE
,"M",727.122296624427,1.9094573980201,1,TRUE
2,"F",756.8091933828,2.67347126886234,,TRUE
,"M",458.297575735008,0.488727504151466,,TRUE
,"M",415.566730322813,0.566565650430321,,TRUE
,"M",603.507946188755,2.26223585598218,,FALSE
,"M",789.347897707149,3.70582349826019,,TRUE
,"M",915.582541658883,7.36276703483076,,TRUE
,"M",813.655264567529,3.07842488854919,,TRUE
4,"M",946.869086268726,7.25229266680634,,TRUE
,"M",626.672812337583,1.76366072525751,,TRUE
2,"F",727.498146154662,3.68268750842956,,TRUE
,"F",630.401417193896,2.09135603734943,1,TRUE
,"F",623.300477271282,1.65815526964343,1,TRUE
,"M",788.805025045971,4.14915694135684,,FALSE
,"M",569.465884099955,1.82342836587248,1,TRUE
,"M",545.022976895035,1.03551240236243,,TRUE
5,"F",959.472078308238,7.01007983604841,,FALSE
,"M",221.841545944027,0.0728075169669216,0,TRUE
10,"M",701.953166972018,2.40448106713428,1,FALSE
,"F",859.327051218305,4.96478280725423,,TRUE
1,"M",619.603659733083,1.91933586300285,,TRUE
,"M",815.159090921497,3.7300565782512,,TRUE
,"F",507.116666444593,1.1003079537955,,TRUE
5,"M",888.793121638873,6.95425559162158,1,FALSE
,"F",705.277961124611,2.06228871190857,,TRUE
1,"M",516.939331079358,0.996593139807422,,TRUE
,"M",505.268070382964,1.02501686829762,,TRUE
3,"M",753.622162615084,2.4596743930365,,FALSE
,"F",627.798065837806,2.07217240621293,,TRUE
13,"M",964.451838226787,7.58331613353486,,FALSE
6,"F",855.737798161376,6.11274123659395,1,TRUE
,"F",1197.75040414244,23.8383047055443,,FALSE
,"M",897.316054042629,4.2796040212005,1,TRUE
,"F",596.548706589029,1.2351246821541,,TRUE
1,"F",622.927955534265,1.94530822763561,,TRUE
,"F",905.431548066134,5.35399759517004,,TRUE
4,"M",851.632377104534,4.94691898922564,,TRUE
,"M",437.378080283648,0.521196673276658,,TRUE
,"F",858.606453261976,4.29796892809245,1,TRUE
,"F",801.457244506193,4.05281282680915,,TRUE
,"M",672.814806104323,2.22366293481243,1,TRUE
,"M",1033.27962612659,6.32806821662628,1,TRUE
,"M",782.966128989252,5.07725189779967,,TRUE
,"F",862.660545201856,5.84168374863559,,TRUE
,"M",457.263292147329,0.58418079737765,,TRUE
,"F",927.329617947915,7.16210919154757,,TRUE
10,"M",949.713621442615,6.38918953421881,,FALSE
19,"M",856.203668487311,4.31630649966051,,FALSE
,"F",887.108365113482,5.5328843769019,,FALSE
2,"M",713.722707341422,3.64554697554238,,TRUE
,"F",792.969664136641,4.19179786055061,1,TRUE
,"M",503.056702456511,0.679073937360825,,TRUE
,"M",543.469503191959,1.09498221811646,,TRUE
,"M",402.053253345012,0.472785670695818,,TRUE
14,"F",1032.30887042001,7.88229397690888,,FALSE
,"F",559.366008316088,1.04728034482767,,TRUE
6,"F",972.508183334679,6.31855078528791,,TRUE
,"F",923.440999146916,6.77803383018891,1,TRUE
,"F",838.80991046363,4.77220331661976,1,TRUE
,"F",1039.80949249954,8.48116715148199,,TRUE
7,"F",970.253824955833,7.57666192762946,,TRUE
,"M",710.511335019222,3.10515263552474,1,TRUE
2,"M",671.511782988212,2.33893046550731,,TRUE
,"M",938.690400486896,5.94133210000072,,TRUE
13,"M",678.498896299176,1.95996988375617,,FALSE
3,"M",762.362856473811,2.99475262973203,,TRUE
,"F",962.853973268491,8.38607976267306,1,TRUE
,"F",681.966913262845,2.02799183068174,,TRUE
7,"F",1145.12924476305,8.2888381388585,,FALSE
,"F",551.565806249422,1.86514225292102,1,TRUE
,"F",680.100134927752,2.19754198008624,1,TRUE
,"M",641.388204433119,1.49364867018307,1,TRUE
5,"F",1121.16054296364,8.86840268934708,1,FALSE
,"F",742.382311242032,3.07000774467633,,TRUE
2,"F",694.020156170291,3.60174700917658,0,TRUE
,"F",715.421224287677,2.61992583255645,,TRUE
1,"F",544.931868616762,1.35945563766269,,TRUE
,"M",448.479641628959,0.778016516099117,0,TRUE
12,"M",896.611764028154,4.93001962617736,1,FALSE
,"M",254.183123005153,0.120801058743989,0,TRUE
2,"M",629.202563083931,2.19575099123961,,TRUE
,"M",928.556091630367,4.10741620805586,1,TRUE
,"M",845.916349691402,3.54401324148542,,FALSE
,"M",437.670486266084,0.652876256678054,,TRUE
4,"M",791.566415734379,2.58041090130495,,TRUE
4,"M",909.089366104856,7.09619071014372,1,FALSE
,"F",599.01450780513,1.17233584602297,,TRUE
3,"M",697.339941708058,3.19883471442415,1,TRUE
,"F",713.689079565506,2.31940734728502,1,TRUE
4,"M",652.628179686367,2.00242624636032,,TRUE
,"F",903.362630619518,6.87390092208945,,TRUE
,"M",1068.39583463639,9.38559471185655,1,TRUE
2,"F",733.116345135489,2.41619155807436,,TRUE
2,"M",649.184424475216,1.51376563030791,,TRUE
,"M",885.229124881949,5.19484206614475,1,TRUE
,"M",882.927334263508,4.96681151531039,,TRUE
,"M",426.391733231777,0.490743473646651,0,TRUE
,"F",603.671677355024,1.76485091367597,1,TRUE
,"M",259.921521703419,0.115329187483278,,TRUE
5,"F",1064.61457548095,10.50938994312,,TRUE
7,"F",1089.34763693301,9.62345976490778,,FALSE
2,"F",708.907368245649,2.21592458416262,1,TRUE
,"F",776.955544049964,3.6504292140476,1,FALSE
,"F",1118.04441414207,10.1503961239319,,TRUE
,"F",809.270291600013,2.9474734170775,1,TRUE
,"M",698.369764036157,2.98696673387841,1,TRUE
,"F",837.523100140565,5.587857352115,,TRUE
,"M",809.938402681533,4.51943652376124,1,TRUE
,"M",654.419891929655,2.21872171568667,,TRUE
,"F",536.232945069769,0.829011963329595,0,TRUE
,"M",735.060424043112,1.83583614325365,,TRUE
10,"F",1238.49313270311,16.5071927214599,1,FALSE
13,"F",1306.291919602,13.6048382932231,,FALSE
21,"F",1101.63088081589,11.3193833672985,,FALSE
11,"F",1197.12487873836,14.5559553649086,,FALSE
,"M",588.125401245033,1.45128289611061,,TRUE
,"F",555.236598595117,1.20655451489566,,TRUE
,"F",826.658445453867,4.6262666975439,,TRUE
,"F",658.8482201212,1.69364151514096,1,TRUE
18,"M",845.424608100078,5.09213857450061,1,FALSE
2,"M",568.519945959745,1.56064343124054,,TRUE
17,"M",817.748267278766,3.52253800680703,1,FALSE
1,"F",554.765516123744,1.11159408439534,0,FALSE
,"F",582.868191983798,1.20475654361989,,TRUE
,"F",740.955968910565,2.43702352308075,,TRUE
2,"M",680.944479215052,2.37898430088562,,TRUE
,"M",619.538371487367,1.70961749201042,1,TRUE
,"F",972.683064668215,6.70293105639043,,TRUE
2,"M",606.327427498033,1.72368842764275,,TRUE
,"M",449.624312379467,0.876741019797803,,TRUE
4,"M",727.969287161529,2.28187483913477,,TRUE
,"M",783.682960493048,3.64221668493525,,TRUE
4,"F",821.281291815232,3.03822116827055,1,FALSE
,"M",512.752591228266,0.919667930585802,1,TRUE
,"M",482.303430302164,0.64891023264143,1,TRUE
15,"F",1274.07552633518,14.3367047464968,,FALSE
2,"M",656.079685353073,1.7488714815128,1,TRUE
,"M",890.694236819636,5.02031230930221,1,TRUE
,"M",177.301187654995,0.0263853865228857,0,TRUE
,"F",718.913213856813,4.06744563677505,,TRUE
2,"F",733.557300443521,2.5397070957695,,TRUE
2,"F",674.786279628391,1.85471151396012,1,TRUE
,"M",896.394302390523,4.13925066630203,1,TRUE
1,"F",629.232682659067,2.38716474121795,0,TRUE
1,"M",459.412450273066,0.990081129707375,,TRUE
,"F",758.248455024018,4.26545197603878,,TRUE
,"F",492.217730266741,0.91502893372448,0,TRUE
,"F",468.268010216349,0.726392717744252,,TRUE
,"F",805.791969847884,3.62017936486791,,TRUE
,"F",1138.02921458642,10.7825231813719,,TRUE
,"F",594.321405878778,1.97924791923087,,TRUE
,"M",716.788200402755,2.85967219486118,,TRUE
2,"M",596.84428694642,1.96840612295045,,TRUE
,"M",830.489705132315,3.45260181573175,1,TRUE
,"F",715.3803524813,2.4168267539738,,TRUE
,"M",566.29250625871,1.25404807040151,,TRUE
,"M",473.603847369933,0.772733980787829,,TRUE
,"M",482.136979587478,0.885988559894697,1,TRUE
,"F",514.506756819032,1.11116076102589,,TRUE
,"F",615.324568107355,1.78287291905159,1,TRUE
,"M",679.825067373016,2.53529960252455,,TRUE
1,"F",741.019529403501,3.24685034193381,,TRUE
,"F",592.794794025722,1.40343156358015,,TRUE
,"M",907.461388553257,4.71660335783034,,TRUE
,"M",851.014979008375,5.43737308544919,,FALSE
,"F",843.509377044527,3.91408658991362,,TRUE
,"M",683.17880489872,2.47898787608049,1,TRUE
,"F",749.981449460367,4.03555175066337,,TRUE
,"M",458.280630075756,0.691771021002715,,TRUE
,"M",954.512569795473,6.59312969206099,,TRUE
,"M",501.319966984118,0.830742411805826,,TRUE
,"M",622.711750424938,1.48933839955703,1,TRUE
,"F",559.201579437674,0.890919170071745,,TRUE
6,"M",875.745394720257,5.56476977314791,,FALSE
6,"F",1097.37839299941,8.70784352120194,1,FALSE
,"M",891.635245511992,5.70183618215357,,TRUE
,"M",448.523778969464,0.626845620455091,,TRUE
,"M",730.526753994851,2.96636714198879,,TRUE
2,"F",636.388981256488,2.07101409875599,,TRUE
,"F",482.257264945479,0.853632036288121,0,TRUE
,"M",663.191814836739,1.39253817178719,1,TRUE
,"M",562.610652492724,0.785488417609459,1,FALSE
3,"F",854.764733710111,5.4828350764936,,TRUE
14,"F",1056.86800452833,8.44759528269192,,FALSE
1,"F",648.671175618459,1.78263584608792,,TRUE
,"M",679.847419701161,2.75287912314686,,TRUE
18,"M",961.374418078812,4.1242466072636,,FALSE
,"F",993.628451795883,6.24917613147537,,FALSE
3,"F",795.733717839541,4.77679009917622,,TRUE
,"F",828.974004179572,4.54001204589133,,TRUE
9,"F",1271.30562433029,13.6915076274418,,FALSE
5,"M",982.266897075585,6.87606442211298,,TRUE
,"F",1052.35415138266,7.22628353127694,,TRUE
,"F",565.952527754792,1.08450213389336,,TRUE
2,"M",723.674785036723,3.39856758375095,1,TRUE
15,"M",975.829900408972,4.92099150599282,,FALSE
8,"F",1210.51495996917,12.6485655506789,,FALSE
4,"M",774.988592331838,4.05313190752643,,FALSE
,"M",630.794570492355,2.37901242396191,,TRUE
12,"F",1217.70287280347,11.3510106091841,,FALSE
1,"F",577.004879026489,1.54914310178118,,TRUE
,"M",873.185168285663,6.06623202545522,,TRUE
,"F",1165.81537712304,10.050518533451,1,FALSE
1,"F",589.318476344531,0.829016375685258,,TRUE
,"M",238.842744891658,0.121046972199281,,TRUE
,"M",532.105742203607,1.12343147647716,,TRUE
,"F",693.010500698002,4.14970629852042,1,TRUE
,"M",250.307470745083,0.0816072015029475,,TRUE
,"F",669.382310363947,2.74848101093868,,TRUE
,"F",889.561613088157,6.53480973724817,,TRUE
2,"M",715.630154058628,2.81688309308288,,TRUE
,"F",870.126596188807,5.70525228631378,,TRUE
,"M",776.950155685404,3.19908314323507,,TRUE
,"F",476.461771627727,0.606258686199041,,TRUE
,"M",564.769100217311,0.949317877304754,,TRUE
18,"M",937.347879601402,8.67065307531151,,FALSE
,"F",850.032131654866,4.1192597718041,1,TRUE
1,"F",532.639728571741,1.00495610570918,,TRUE
,"F",895.011330808236,6.56323662965781,,TRUE
,"M",724.449105330682,2.45535943856804,,TRUE
15,"M",906.745529331756,5.86360551829846,1,FALSE
3,"F",858.49142722805,5.99602078168351,,FALSE
,"M",898.673498214019,3.86551166823334,,TRUE
,"M",855.963486230327,5.61042917163184,,TRUE
4,"F",904.256591284879,6.79500328163816,,TRUE
,"F",782.258441689613,2.87148482865292,,TRUE
,"F",1009.08349634813,6.68786021626173,1,TRUE
22,"F",1061.98129244808,7.91039905339483,,FALSE
,"F",616.710123781933,1.23252103415411,,TRUE
,"F",779.635899157952,4.19932567808948,1,TRUE
,"M",838.947292492164,4.33487917189525,1,TRUE
,"M",886.385640493824,6.84452890127635,,FALSE
4,"F",833.889353371319,4.35496680965536,,FALSE
13,"F",1160.17044789394,12.7250968383088,,FALSE
,"M",531.874656263991,1.43841498568417,,TRUE
2,"M",556.636512751791,1.24944105644389,,TRUE
,"F",717.208917354495,1.79201380359322,,TRUE
,"F",862.855436778412,5.12975193107022,,TRUE
,"M",803.439911329041,4.8108313521659,1,TRUE
2,"M",676.176822981085,3.02793675231407,1,TRUE
,"M",915.169377372762,6.20598368057304,,TRUE
,"F",705.512556515447,2.36933740658477,,TRUE
4,"F",805.33291603172,4.18130538174542,,FALSE
,"F",608.875944891849,1.46993874940976,,TRUE
1,"M",518.131732842337,0.924355981421645,1,TRUE
,"F",525.762007064456,1.16407673605931,,TRUE
,"F",729.599539659259,2.16127845725135,,TRUE
1,"F",624.090933144976,2.18532315433995,,TRUE
,"F",655.923130414354,2.85759679664313,,TRUE
,"M",586.850487580064,1.4900567226294,,TRUE
1,"F",620.144698498048,1.83966488425872,,TRUE
,"M",235.851922349415,0.11723004881989,0,TRUE
,"F",870.222646479055,4.93004596053524,1,TRUE
2,"F",726.055786769981,3.85210106251937,,TRUE
9,"M",1090.50076680299,8.83921135795327,,FALSE
3,"M",808.17382700727,4.79269576934963,1,FALSE
,"M",431.158716537444,0.496778497457244,,TRUE
,"F",1351.92498531286,22.2659458201616,,FALSE
2,"M",606.691073292077,2.08285892495307,,TRUE
2,"M",823.533334308073,4.92523416975425,,TRUE
,"M",1008.55302718386,6.45272079772129,1,TRUE
,"M",441.341538854896,0.699016927142285,,TRUE
